date_of_acquisition,day,latitude,longitude,VV,VH,angle
2023-01-03,0,11.762250638250363,76.54999814611313,-12.653151130270908,-16.27098092510347,42.970550537109375
2023-01-03,0,11.760728848829434,76.63172375018823,-6.669931661425405,-16.490941152439724,42.485328674316406
2023-01-03,0,11.799858625331488,76.55150138367829,-9.70663306362961,-16.23914076571078,42.997493743896484
2023-01-03,0,11.783351559669985,76.59246541913907,-8.435675270924056,-17.956809428511058,42.740997314453125
2023-01-03,0,11.751063243803637,76.58460413670211,-11.598912298700654,-20.42446690450284,42.75572967529297
2023-01-03,0,11.744762893259217,76.52599563855654,-11.926271996723292,-15.246645626582897,43.09440612792969
2023-01-03,0,11.775438813150506,76.55850711558932,-7.619434405621782,-17.422043688983827,42.93305587768555
2023-01-03,0,11.785147625339182,76.5680673693326,-13.831392278690409,-15.177941617199986,42.88642120361328
2023-01-03,0,11.76162301114267,76.61179414470271,-8.817216629543944,-16.127449372924307,42.60460662841797
2023-01-03,0,11.772199332002394,76.56469079692799,-10.989448082534668,-19.959139792688035,42.89389419555664
2023-01-03,0,11.762843625894515,76.55091357366845,-10.322518636505444,-16.139477474748585,42.965736389160156
2023-01-03,0,11.775830632349576,76.56370638673741,-10.520022406203566,-16.2864894505779,42.902610778808594
2023-01-03,0,11.766591044470356,76.55922133558093,-10.33534667725285,-16.331962512554988,42.92064666748047
2023-01-03,0,11.783698345341204,76.58543857435927,-12.788810012518079,-17.36566862526073,42.78246307373047
2023-01-03,0,11.799126757480002,76.55821708262971,-8.169808455682993,-16.041519418948326,42.95759201049805
2023-01-03,0,11.752080249428992,76.52990155194883,-12.002342282363818,-15.918036545835825,43.07814025878906
2023-01-03,0,11.782843436275279,76.54787681404173,-7.512822338670503,-16.38442671181814,43.00225067138672
2023-01-03,0,11.740350869158823,76.54743929154527,-12.808882278461908,-13.29222729209909,42.96514892578125
2023-01-03,0,11.785029032731488,76.6450730854434,-6.202864141483574,-13.707167130753392,42.431575775146484
2023-01-03,0,11.767279906782397,76.64494421278346,-10.708593187882931,-16.979407304719366,42.413963317871094
2023-01-03,0,11.756024397862413,76.54239313106252,-5.238826667387024,-13.997604571956991,43.009521484375
2023-01-03,0,11.76110898596967,76.6062458248772,-3.555218059847329,-16.083410850391598,42.637332916259766
2023-01-03,0,11.766247007987596,76.59167838485305,-8.353462861253684,-15.207376095933283,42.72867202758789
2023-01-03,0,11.778350875457413,76.54758964551041,-10.147053949772644,-14.468408434716348,42.99972915649414
2023-01-03,0,11.75185323270822,76.60004074530511,-6.550296284911099,-16.3417755657455,42.66492462158203
2023-01-03,0,11.780574069521837,76.60501516725243,-12.481079059140203,-17.38033157998043,42.664188385009766
2023-01-03,0,11.789487752069935,76.5579594974085,-11.061907210447217,-17.257064231759017,42.94969940185547
2023-01-03,0,11.792357974445654,76.53274103028237,-12.493578903630493,-14.170342523163715,43.10004806518555
2023-01-03,0,11.751650400778773,76.54571074943257,-11.425998015791865,-14.016810760667171,42.98569107055664
2023-01-03,0,11.760202372281745,76.58967217548759,-9.1262482408369,-16.190950391040126,42.734928131103516
2023-01-03,0,11.786634684782346,76.60505838995904,-8.9432651867063,-15.757184326180658,42.66947555541992
2023-01-03,0,11.745253352322814,76.58567633071519,-8.390135942129778,-15.538162267305092,42.74366760253906
2023-01-03,0,11.756513330178215,76.52429397755688,-13.14648013920193,-14.552913327804461,43.11527633666992
2023-01-03,0,11.802234089293512,76.54384066190534,-8.622175353254898,-14.484004305940205,43.04487228393555
2023-01-03,0,11.763878083509354,76.54568094859115,-11.592233698238433,-14.090474880396165,42.997318267822266
2023-01-03,0,11.773380133649738,76.52750012467585,-7.091999875218668,-12.811077951367364,43.11256408691406
2023-01-03,0,11.756779881209393,76.62446863731778,-14.019173942979737,-20.724923417422417,42.524539947509766
2023-01-03,0,11.738863595335891,76.53066706549085,-12.553721095518313,-17.436440373952607,43.061275482177734
2023-01-03,0,11.779113157863014,76.52480706269068,-8.240555650866668,-13.043881504821595,43.133827209472656
2023-01-03,0,11.78819361832374,76.61553165300394,-8.990382226059042,-19.49613101079504,42.60932159423828
2023-01-03,0,11.734584953276785,76.58172693210552,-8.987697450170739,-12.959873463373764,42.757041931152344
2023-01-03,0,11.74809573571066,76.57933128349072,-7.991963536048062,-13.615604475438229,42.78387451171875
2023-01-03,0,11.773893928457847,76.52671086412941,-16.002901483151156,-15.278788828826515,43.11787414550781
2023-01-03,0,11.738125064144068,76.59404336178724,-9.030528163321714,-16.878900646726642,42.68672180175781
2023-01-03,0,11.786705768325438,76.55934151530751,-13.073075110464856,-18.307967384851498,42.93902587890625
2023-01-03,0,11.773595431559325,76.64629261830217,-8.17045730083746,-11.753140427494568,42.41226577758789
2023-01-03,0,11.764435146871637,76.60883575193714,-5.631352038730311,-18.427276041210312,42.625308990478516
2023-01-03,0,11.755706974757311,76.57966971434679,-11.75799098295802,-18.241852252827538,42.789405822753906
2023-01-03,0,11.776776164260513,76.59000029680989,-10.86533683273396,-17.894420004129735,42.74885559082031
2023-01-03,0,11.750726686318618,76.61659101252394,-9.259304406889001,-15.637923718287603,42.56558609008789
2023-01-15,1,11.762250638250363,76.54999814611313,-10.32868377837117,-17.743214764310903,42.97776794433594
2023-01-15,1,11.760728848829434,76.63172375018823,-8.15627531706605,-19.07026384162773,42.49264907836914
2023-01-15,1,11.799858625331488,76.55150138367829,-10.200116392846066,-15.287507053900747,43.00471115112305
2023-01-15,1,11.783351559669985,76.59246541913907,-10.99473652009822,-19.790420857343342,42.748252868652344
2023-01-15,1,11.751063243803637,76.58460413670211,-11.824852001459067,-22.903246650210324,42.76302719116211
2023-01-15,1,11.744762893259217,76.52599563855654,-10.546544643731071,-12.956921390985928,43.1015510559082
2023-01-15,1,11.775438813150506,76.55850711558932,-7.259091231753869,-15.762459890839242,42.94029235839844
2023-01-15,1,11.785147625339182,76.5680673693326,-5.212861699569295,-14.904638746300822,42.89366149902344
2023-01-15,1,11.76162301114267,76.61179414470271,-9.881145608473595,-13.919346475145849,42.612457275390625
2023-01-15,1,11.772199332002394,76.56469079692799,-9.727087924655786,-19.451537890825563,42.90113830566406
2023-01-15,1,11.762843625894515,76.55091357366845,-7.0987262323507805,-17.991122701419823,42.972957611083984
2023-01-15,1,11.775830632349576,76.56370638673741,-10.7923738339796,-17.282964560699114,42.910396575927734
2023-01-15,1,11.766591044470356,76.55922133558093,-10.998769182451182,-15.1151164147472,42.927886962890625
2023-01-15,1,11.783698345341204,76.58543857435927,-8.656624308152255,-21.187218829577233,42.78971862792969
2023-01-15,1,11.799126757480002,76.55821708262971,-9.850981947487153,-17.52242007165205,42.96481704711914
2023-01-15,1,11.752080249428992,76.52990155194883,-9.77471211176687,-15.999838206223115,43.08538055419922
2023-01-15,1,11.782843436275279,76.54787681404173,-10.614256951839797,-17.185709178322725,43.00946044921875
2023-01-15,1,11.740350869158823,76.54743929154527,-7.377567943531598,-15.624712720011733,42.97236633300781
2023-01-15,1,11.785029032731488,76.6450730854434,-6.638720937769533,-15.536755838181735,42.43885803222656
2023-01-15,1,11.767279906782397,76.64494421278346,-12.068192518630747,-19.492018111366203,42.42127990722656
2023-01-15,1,11.756024397862413,76.54239313106252,-10.744263490669681,-14.98823621364937,43.016719818115234
2023-01-15,1,11.76110898596967,76.6062458248772,-7.103084959579384,-13.398106295567032,42.64463806152344
2023-01-15,1,11.766247007987596,76.59167838485305,-5.572160448470681,-15.810209320508388,42.73595428466797
2023-01-15,1,11.778350875457413,76.54758964551041,-10.592821395988985,-15.607575658003576,43.00694274902344
2023-01-15,1,11.75185323270822,76.60004074530511,-10.489280413419543,-15.441407269058677,42.672237396240234
2023-01-15,1,11.780574069521837,76.60501516725243,-11.694227156311555,-17.623849408305013,42.67145538330078
2023-01-15,1,11.789487752069935,76.5579594974085,-14.020956464088014,-20.270957865194056,42.95692443847656
2023-01-15,1,11.792357974445654,76.53274103028237,-6.945711566601456,-16.646827703606068,43.107234954833984
2023-01-15,1,11.751650400778773,76.54571074943257,-9.969089424832319,-16.497208325447026,42.992897033691406
2023-01-15,1,11.760202372281745,76.58967217548759,-9.1175551228019,-15.241952161727914,42.742218017578125
2023-01-15,1,11.786634684782346,76.60505838995904,-8.463062316557897,-13.291335879376016,42.67727279663086
2023-01-15,1,11.745253352322814,76.58567633071519,-10.02241409241311,-13.667565851913288,42.750972747802734
2023-01-15,1,11.756513330178215,76.52429397755688,-10.538384328210888,-14.832049934713186,43.12242126464844
2023-01-15,1,11.802234089293512,76.54384066190534,-6.923529249831865,-10.419759023988506,43.05207824707031
2023-01-15,1,11.763878083509354,76.54568094859115,-9.334626863917945,-15.06498969953405,43.0045280456543
2023-01-15,1,11.773380133649738,76.52750012467585,-8.994009000225336,-14.570713666008752,43.119728088378906
2023-01-15,1,11.756779881209393,76.62446863731778,-10.710644545423795,-16.721621302703095,42.531864166259766
2023-01-15,1,11.738863595335891,76.53066706549085,-11.061285382040914,-13.632237936899083,43.06843185424805
2023-01-15,1,11.779113157863014,76.52480706269068,-5.738491754697756,-15.156729180112789,43.1409912109375
2023-01-15,1,11.78819361832374,76.61553165300394,-10.5364735011147,-21.50808349283666,42.6165771484375
2023-01-15,1,11.734584953276785,76.58172693210552,-12.986679873383899,-14.808678868259445,42.76435852050781
2023-01-15,1,11.74809573571066,76.57933128349072,-9.267536086401853,-16.18629580100735,42.791168212890625
2023-01-15,1,11.773893928457847,76.52671086412941,-6.695211505734218,-13.094493656913357,43.125038146972656
2023-01-15,1,11.738125064144068,76.59404336178724,-9.274516362108699,-17.842152027899004,42.69459915161133
2023-01-15,1,11.786705768325438,76.55934151530751,-10.298239103395225,-20.87719168458627,42.946258544921875
2023-01-15,1,11.773595431559325,76.64629261830217,-9.149770979845462,-17.687481430915607,42.41957092285156
2023-01-15,1,11.764435146871637,76.60883575193714,-6.462790571688223,-16.749950580909296,42.632606506347656
2023-01-15,1,11.755706974757311,76.57966971434679,-8.361635811907412,-18.876759400573434,42.79669189453125
2023-01-15,1,11.776776164260513,76.59000029680989,-10.47991054146589,-14.626509159613502,42.75611877441406
2023-01-15,1,11.750726686318618,76.61659101252394,-14.96360025716594,-19.960789708485592,42.57291793823242
2023-01-27,2,11.762250638250363,76.54999814611313,-10.851617710231324,-19.68886676152231,42.96554946899414
2023-01-27,2,11.760728848829434,76.63172375018823,-9.417674303422999,-15.565464603971682,42.480262756347656
2023-01-27,2,11.799858625331488,76.55150138367829,-14.971937866144629,-19.49394213944081,42.992496490478516
2023-01-27,2,11.783351559669985,76.59246541913907,-14.615666056144311,-20.905363612784754,42.7359733581543
2023-01-27,2,11.751063243803637,76.58460413670211,-11.069224199832952,-22.185474493283426,42.750606536865234
2023-01-27,2,11.744762893259217,76.52599563855654,-7.38704674962065,-14.005671229232098,43.08943557739258
2023-01-27,2,11.775438813150506,76.55850711558932,-8.162895444090584,-14.054169866741033,42.92805099487305
2023-01-27,2,11.785147625339182,76.5680673693326,-8.97091680283744,-16.737684866497176,42.88132858276367
2023-01-27,2,11.76162301114267,76.61179414470271,-10.641597209429595,-14.931184405110457,42.60009765625
2023-01-27,2,11.772199332002394,76.56469079692799,-11.501359271931255,-19.176505064620134,42.88888168334961
2023-01-27,2,11.762843625894515,76.55091357366845,-10.697616767437863,-13.865961000802043,42.96073532104492
2023-01-27,2,11.775830632349576,76.56370638673741,-12.710103876792523,-22.580312379883818,42.89813995361328
2023-01-27,2,11.766591044470356,76.55922133558093,-10.437061885495151,-19.095833053335863,42.91563415527344
2023-01-27,2,11.783698345341204,76.58543857435927,-9.58387195177564,-16.578458243584066,42.777442932128906
2023-01-27,2,11.799126757480002,76.55821708262971,-11.464586087865484,-18.375403428281537,42.95259094238281
2023-01-27,2,11.752080249428992,76.52990155194883,-13.799207688785495,-12.807843536706557,43.07369613647461
2023-01-27,2,11.782843436275279,76.54787681404173,-11.020656015988617,-17.002281535580252,42.9977912902832
2023-01-27,2,11.740350869158823,76.54743929154527,-8.864050691850437,-16.905999489175386,42.960147857666016
2023-01-27,2,11.785029032731488,76.6450730854434,-8.460923702530671,-13.406681969282769,42.42652130126953
2023-01-27,2,11.767279906782397,76.64494421278346,-11.547225499691987,-18.550690919351354,42.40889358520508
2023-01-27,2,11.756024397862413,76.54239313106252,-10.386965796827056,-13.342866505476795,43.0045280456543
2023-01-27,2,11.76110898596967,76.6062458248772,-6.099277085910355,-12.781273307801019,42.632286071777344
2023-01-27,2,11.766247007987596,76.59167838485305,-10.358088053845165,-15.583499131019398,42.723636627197266
2023-01-27,2,11.778350875457413,76.54758964551041,-8.995714651456018,-17.911683638408867,42.99473571777344
2023-01-27,2,11.75185323270822,76.60004074530511,-12.846634426798708,-18.11549684954545,42.659873962402344
2023-01-27,2,11.780574069521837,76.60501516725243,-14.678595678476992,-20.077215965890566,42.65915298461914
2023-01-27,2,11.789487752069935,76.5579594974085,-13.128883550316328,-16.11866862144239,42.94469451904297
2023-01-27,2,11.792357974445654,76.53274103028237,-7.96837527894136,-17.52998962705878,43.095062255859375
2023-01-27,2,11.751650400778773,76.54571074943257,-8.052414730660871,-17.376098583904984,42.98069381713867
2023-01-27,2,11.760202372281745,76.58967217548759,-7.633245901360998,-14.80569157766569,42.729888916015625
2023-01-27,2,11.786634684782346,76.60505838995904,-11.24954078629844,-18.83617587750229,42.66498947143555
2023-01-27,2,11.745253352322814,76.58567633071519,-11.652045200221723,-15.718253478038989,42.73862075805664
2023-01-27,2,11.756513330178215,76.52429397755688,-6.68766660080677,-12.073243171906462,43.11030578613281
2023-01-27,2,11.802234089293512,76.54384066190534,-9.146674281664385,-13.674862202808955,43.039878845214844
2023-01-27,2,11.763878083509354,76.54568094859115,-11.771899797932042,-15.732696342417686,42.99232482910156
2023-01-27,2,11.773380133649738,76.52750012467585,-10.052130087638467,-13.706109257953699,43.10758972167969
2023-01-27,2,11.756779881209393,76.62446863731778,-10.99313540293926,-18.704586819053002,42.519474029541016
2023-01-27,2,11.738863595335891,76.53066706549085,-11.355656946687224,-14.312583239962146,43.05683517456055
2023-01-27,2,11.779113157863014,76.52480706269068,-6.999527371792732,-10.932850999161328,43.12885284423828
2023-01-27,2,11.78819361832374,76.61553165300394,-7.82770933208308,-21.86611146788678,42.604827880859375
2023-01-27,2,11.734584953276785,76.58172693210552,-5.0509116938179375,-16.194073062833446,42.75199508666992
2023-01-27,2,11.74809573571066,76.57933128349072,-9.546704567213126,-14.692030044947886,42.779380798339844
2023-01-27,2,11.773893928457847,76.52671086412941,-6.76543039255008,-10.273733369576572,43.11289596557617
2023-01-27,2,11.738125064144068,76.59404336178724,-9.051807215481787,-17.133389784825475,42.68220901489258
2023-01-27,2,11.786705768325438,76.55934151530751,-12.241335600712521,-19.39995196297601,42.93402099609375
2023-01-27,2,11.773595431559325,76.64629261830217,-9.181830653522194,-16.60495709929438,42.40719985961914
2023-01-27,2,11.764435146871637,76.60883575193714,-9.173466491459026,-17.524007029036213,42.620262145996094
2023-01-27,2,11.755706974757311,76.57966971434679,-11.05669074401581,-20.612813496078314,42.78437423706055
2023-01-27,2,11.776776164260513,76.59000029680989,-15.28280583005464,-15.80821402008218,42.74382781982422
2023-01-27,2,11.750726686318618,76.61659101252394,-11.217865759792522,-19.208291653597012,42.560523986816406
2023-02-08,3,11.762250638250363,76.54999814611313,-11.531787410949697,-20.375881256190908,42.97545623779297
2023-02-08,3,11.760728848829434,76.63172375018823,-8.030781755749022,-17.944239278852944,42.490299224853516
2023-02-08,3,11.799858625331488,76.55150138367829,-10.727458023458802,-17.250150759794977,43.00239944458008
2023-02-08,3,11.783351559669985,76.59246541913907,-12.032692199168412,-18.584397715294415,42.745384216308594
2023-02-08,3,11.751063243803637,76.58460413670211,-15.699647605848526,-19.78912143861915,42.760589599609375
2023-02-08,3,11.744762893259217,76.52599563855654,-6.760018406392627,-15.68967805359658,43.0987548828125
2023-02-08,3,11.775438813150506,76.55850711558932,-8.808499739445084,-11.255634085133575,42.93788528442383
2023-02-08,3,11.785147625339182,76.5680673693326,-8.494977952334654,-10.297871748496071,42.89071273803711
2023-02-08,3,11.76162301114267,76.61179414470271,-11.218444877242778,-17.734368641793953,42.609474182128906
2023-02-08,3,11.772199332002394,76.56469079692799,-10.295314987568895,-17.972292223897945,42.89818572998047
2023-02-08,3,11.762843625894515,76.55091357366845,-10.985964064181374,-18.332276858633342,42.97056198120117
2023-02-08,3,11.775830632349576,76.56370638673741,-6.506658717731915,-12.523637157106615,42.907527923583984
2023-02-08,3,11.766591044470356,76.55922133558093,-5.760678347401427,-19.210897947624698,42.92547607421875
2023-02-08,3,11.783698345341204,76.58543857435927,-10.650040033546391,-20.271213163354858,42.78730392456055
2023-02-08,3,11.799126757480002,76.55821708262971,-11.36866323466502,-16.20844721913517,42.9624137878418
2023-02-08,3,11.752080249428992,76.52990155194883,-11.581018985929845,-14.68536286662143,43.08302688598633
2023-02-08,3,11.782843436275279,76.54787681404173,-8.983929975443631,-15.473625517823704,43.0070686340332
2023-02-08,3,11.740350869158823,76.54743929154527,-6.073185159255317,-13.22626093897771,42.96943664550781
2023-02-08,3,11.785029032731488,76.6450730854434,-10.809212224260039,-14.665506366717517,42.43644714355469
2023-02-08,3,11.767279906782397,76.64494421278346,-14.488173166179658,-17.37897719164913,42.41830062866211
2023-02-08,3,11.756024397862413,76.54239313106252,-8.924994459604907,-15.415613982031031,43.01380157470703
2023-02-08,3,11.76110898596967,76.6062458248772,-10.876602676685245,-18.074161298699956,42.64219665527344
2023-02-08,3,11.766247007987596,76.59167838485305,-8.303883193930501,-17.140706809598946,42.733524322509766
2023-02-08,3,11.778350875457413,76.54758964551041,-7.6689009496551375,-13.591416706531978,43.00463104248047
2023-02-08,3,11.75185323270822,76.60004074530511,-10.847002373160768,-16.99160479461402,42.66987609863281
2023-02-08,3,11.780574069521837,76.60501516725243,-9.43159726239531,-22.912510362557647,42.668582916259766
2023-02-08,3,11.789487752069935,76.5579594974085,-11.924607956010298,-19.424754699508068,42.954524993896484
2023-02-08,3,11.792357974445654,76.53274103028237,-10.864397027027806,-15.989381241747873,43.10493850708008
2023-02-08,3,11.751650400778773,76.54571074943257,-10.701393296136267,-20.935246766089072,42.990509033203125
2023-02-08,3,11.760202372281745,76.58967217548759,-10.888469503905707,-15.094369978630588,42.73923873901367
2023-02-08,3,11.786634684782346,76.60505838995904,-15.598384546736956,-17.337776826717658,42.67441177368164
2023-02-08,3,11.745253352322814,76.58567633071519,-10.124602925407078,-15.871871393777486,42.74861145019531
2023-02-08,3,11.756513330178215,76.52429397755688,-11.294799119887438,-9.672181341036373,43.120155334472656
2023-02-08,3,11.802234089293512,76.54384066190534,-9.374074145326253,-17.469347236305595,43.04914855957031
2023-02-08,3,11.763878083509354,76.54568094859115,-11.258500411659986,-16.016221826648184,43.002140045166016
2023-02-08,3,11.773380133649738,76.52750012467585,-7.304777906526613,-12.661705849951286,43.117366790771484
2023-02-08,3,11.756779881209393,76.62446863731778,-8.5642678030075,-19.40363548441407,42.52950668334961
2023-02-08,3,11.738863595335891,76.53066706549085,-10.191425887985126,-13.838137691426962,43.066162109375
2023-02-08,3,11.779113157863014,76.52480706269068,-8.117450100322719,-14.28190442718586,43.13817596435547
2023-02-08,3,11.78819361832374,76.61553165300394,-11.38238070565874,-21.160823161625906,42.614261627197266
2023-02-08,3,11.734584953276785,76.58172693210552,-9.998116492432146,-12.460600245239949,42.76136016845703
2023-02-08,3,11.74809573571066,76.57933128349072,-10.550737448300673,-13.9617309822282,42.788814544677734
2023-02-08,3,11.773893928457847,76.52671086412941,-5.55433937865402,-10.993076836673694,43.12213897705078
2023-02-08,3,11.738125064144068,76.59404336178724,-10.676239430421697,-19.370427777070457,42.691593170166016
2023-02-08,3,11.786705768325438,76.55934151530751,-12.185137861055466,-17.61317630906275,42.94393539428711
2023-02-08,3,11.773595431559325,76.64629261830217,-9.773272115915887,-14.20811350435056,42.417144775390625
2023-02-08,3,11.764435146871637,76.60883575193714,-6.223709506342759,-16.438528799280146,42.63017272949219
2023-02-08,3,11.755706974757311,76.57966971434679,-11.716474096296846,-20.22619192404464,42.79425811767578
2023-02-08,3,11.776776164260513,76.59000029680989,-11.809482280024405,-18.623772546138753,42.7537841796875
2023-02-08,3,11.750726686318618,76.61659101252394,-13.800077738986385,-25.049749209163874,42.569915771484375
2023-02-20,4,11.762250638250363,76.54999814611313,-9.516830421349056,-16.997128482320278,42.97254180908203
2023-02-20,4,11.760728848829434,76.63172375018823,-8.667305750613128,-17.74120471006489,42.48734664916992
2023-02-20,4,11.799858625331488,76.55150138367829,-10.74617154324191,-16.233476180536933,42.999488830566406
2023-02-20,4,11.783351559669985,76.59246541913907,-13.014607835021897,-17.909096237189214,42.74300003051758
2023-02-20,4,11.751063243803637,76.58460413670211,-18.63112392680662,-22.53838146071887,42.75764846801758
2023-02-20,4,11.744762893259217,76.52599563855654,-7.2468143122919635,-16.582656466019913,43.096397399902344
2023-02-20,4,11.775438813150506,76.55850711558932,-7.5165552841981444,-14.818815918694646,42.93497085571289
2023-02-20,4,11.785147625339182,76.5680673693326,-7.970520168149054,-17.428956805958794,42.88833236694336
2023-02-20,4,11.76162301114267,76.61179414470271,-9.819055044460601,-18.092407225403438,42.606529235839844
2023-02-20,4,11.772199332002394,76.56469079692799,-11.655574957258663,-17.755606333578132,42.89580535888672
2023-02-20,4,11.762843625894515,76.55091357366845,-8.887871387869938,-17.845078077368942,42.967647552490234
2023-02-20,4,11.775830632349576,76.56370638673741,-7.831996913273777,-15.497706484938089,42.904605865478516
2023-02-20,4,11.766591044470356,76.55922133558093,-8.09038223685633,-20.059875471836264,42.92255783081055
2023-02-20,4,11.783698345341204,76.58543857435927,-12.517240544239945,-19.095471446205778,42.78438186645508
2023-02-20,4,11.799126757480002,76.55821708262971,-12.067563260043059,-16.486538469370004,42.959503173828125
2023-02-20,4,11.752080249428992,76.52990155194883,-11.11762550093779,-19.25306172389755,43.08013153076172
2023-02-20,4,11.782843436275279,76.54787681404173,-10.357678709597568,-14.94036467819682,43.00415802001953
2023-02-20,4,11.740350869158823,76.54743929154527,-10.469687185874077,-14.333982294339084,42.967063903808594
2023-02-20,4,11.785029032731488,76.6450730854434,-9.297596377762737,-16.21381907422946,42.433509826660156
2023-02-20,4,11.767279906782397,76.64494421278346,-12.946398133229103,-21.7825701589379,42.4158935546875
2023-02-20,4,11.756024397862413,76.54239313106252,-10.583456637264865,-12.717205526320868,43.01143264770508
2023-02-20,4,11.76110898596967,76.6062458248772,-10.742438429876415,-18.69156529929026,42.63925552368164
2023-02-20,4,11.766247007987596,76.59167838485305,-9.372462773945823,-15.031295226249224,42.7305908203125
2023-02-20,4,11.778350875457413,76.54758964551041,-10.843783984223862,-14.12310613311188,43.00164031982422
2023-02-20,4,11.75185323270822,76.60004074530511,-13.147175670203985,-21.182978523726284,42.66693115234375
2023-02-20,4,11.780574069521837,76.60501516725243,-12.353557163678557,-22.819096822588087,42.666194915771484
2023-02-20,4,11.789487752069935,76.5579594974085,-11.557693565557393,-22.47188086862834,42.95161056518555
2023-02-20,4,11.792357974445654,76.53274103028237,-10.622725541226348,-13.441929754620446,43.1020393371582
2023-02-20,4,11.751650400778773,76.54571074943257,-11.079502762730824,-17.015135040916533,42.98760223388672
2023-02-20,4,11.760202372281745,76.58967217548759,-9.680831969665041,-16.74568851120187,42.736846923828125
2023-02-20,4,11.786634684782346,76.60505838995904,-14.708020538334063,-18.626307898818737,42.671485900878906
2023-02-20,4,11.745253352322814,76.58567633071519,-10.00930652161393,-11.788807168372234,42.745670318603516
2023-02-20,4,11.756513330178215,76.52429397755688,-7.880740668905477,-13.070850888047742,43.11726760864258
2023-02-20,4,11.802234089293512,76.54384066190534,-10.845821587807883,-12.478233514890771,43.04677963256836
2023-02-20,4,11.763878083509354,76.54568094859115,-9.64769327821579,-12.390337143969148,42.999229431152344
2023-02-20,4,11.773380133649738,76.52750012467585,-4.823755478269199,-15.939489544699706,43.114471435546875
2023-02-20,4,11.756779881209393,76.62446863731778,-10.175537311198603,-18.908174994609773,42.52655792236328
2023-02-20,4,11.738863595335891,76.53066706549085,-12.148430682336022,-13.217927320343218,43.063270568847656
2023-02-20,4,11.779113157863014,76.52480706269068,-9.498433991062567,-15.669804061937334,43.13581848144531
2023-02-20,4,11.78819361832374,76.61553165300394,-10.920289285510501,-17.896235626745344,42.611331939697266
2023-02-20,4,11.734584953276785,76.58172693210552,-11.04102126230439,-15.529925880117876,42.75896072387695
2023-02-20,4,11.74809573571066,76.57933128349072,-9.05372021721043,-14.85658137635712,42.7858772277832
2023-02-20,4,11.773893928457847,76.52671086412941,-8.732914364917864,-15.808075671324849,43.119781494140625
2023-02-20,4,11.738125064144068,76.59404336178724,-10.355126887930473,-16.57488163817631,42.68864059448242
2023-02-20,4,11.786705768325438,76.55934151530751,-10.192262228141873,-21.40656993101881,42.94102096557617
2023-02-20,4,11.773595431559325,76.64629261830217,-8.915127589546481,-15.874870102138665,42.4141960144043
2023-02-20,4,11.764435146871637,76.60883575193714,-7.5667941284087945,-13.101237605951253,42.62723159790039
2023-02-20,4,11.755706974757311,76.57966971434679,-9.882212415162643,-20.616519762865416,42.791324615478516
2023-02-20,4,11.776776164260513,76.59000029680989,-14.236057692164145,-16.66005889257204,42.750858306884766
2023-02-20,4,11.750726686318618,76.61659101252394,-11.888391860277029,-17.47961021101952,42.56696701049805
2023-03-04,5,11.762250638250363,76.54999814611313,-9.655060416372786,-15.519491143980188,42.96350860595703
2023-03-04,5,11.760728848829434,76.63172375018823,-9.043803761900797,-19.13075648485171,42.47826385498047
2023-03-04,5,11.799858625331488,76.55150138367829,-12.083415456612212,-16.349097322191707,42.99054718017578
2023-03-04,5,11.783351559669985,76.59246541913907,-14.803874955304973,-21.754672486277347,42.733924865722656
2023-03-04,5,11.751063243803637,76.58460413670211,-14.61481385950779,-27.710227647845173,42.748600006103516
2023-03-04,5,11.744762893259217,76.52599563855654,-13.356062766565937,-15.18622695593316,43.08754348754883
2023-03-04,5,11.775438813150506,76.55850711558932,-8.840326244378282,-12.934322929025486,42.926002502441406
2023-03-04,5,11.785147625339182,76.5680673693326,-6.8532208654464135,-12.34133657017905,42.879364013671875
2023-03-04,5,11.76162301114267,76.61179414470271,-12.707696986837522,-19.01318081528625,42.59801483154297
2023-03-04,5,11.772199332002394,76.56469079692799,-10.668580734575418,-19.662071256179562,42.88682556152344
2023-03-04,5,11.762843625894515,76.55091357366845,-9.423730707165358,-18.750769364149185,42.95869445800781
2023-03-04,5,11.775830632349576,76.56370638673741,-9.635912627289065,-16.081213843723,42.896087646484375
2023-03-04,5,11.766591044470356,76.55922133558093,-10.675029324074641,-18.39847896563881,42.91358184814453
2023-03-04,5,11.783698345341204,76.58543857435927,-8.388002123667746,-20.061227726682954,42.775394439697266
2023-03-04,5,11.799126757480002,76.55821708262971,-13.509956736208634,-20.009160035682303,42.95055389404297
2023-03-04,5,11.752080249428992,76.52990155194883,-9.889043919409708,-18.354783705365143,43.0717887878418
2023-03-04,5,11.782843436275279,76.54787681404173,-10.375334848815623,-15.599318288315553,42.99576187133789
2023-03-04,5,11.740350869158823,76.54743929154527,-9.361686198478504,-19.237625488854945,42.95811080932617
2023-03-04,5,11.785029032731488,76.6450730854434,-7.054908475635845,-16.129049803025456,42.42502212524414
2023-03-04,5,11.767279906782397,76.64494421278346,-15.145162942587923,-20.25941711305179,42.40681838989258
2023-03-04,5,11.756024397862413,76.54239313106252,-7.849966706386658,-16.573369868187264,43.002506256103516
2023-03-04,5,11.76110898596967,76.6062458248772,-8.858065875679449,-20.462341444554568,42.63019943237305
2023-03-04,5,11.766247007987596,76.59167838485305,-8.762818437047649,-23.017958938142588,42.72156524658203
2023-03-04,5,11.778350875457413,76.54758964551041,-8.202725569104526,-12.924383973178816,42.99324035644531
2023-03-04,5,11.75185323270822,76.60004074530511,-11.847723585414096,-16.199585295362656,42.657772064208984
2023-03-04,5,11.780574069521837,76.60501516725243,-12.800308903944202,-19.388228295804996,42.657100677490234
2023-03-04,5,11.789487752069935,76.5579594974085,-15.65796782308679,-18.805861449282386,42.94265365600586
2023-03-04,5,11.792357974445654,76.53274103028237,-8.620297954991525,-15.766819739435448,43.09305191040039
2023-03-04,5,11.751650400778773,76.54571074943257,-9.86535022747518,-21.837654276456497,42.97866439819336
2023-03-04,5,11.760202372281745,76.58967217548759,-11.45205095085229,-18.413759818100413,42.727806091308594
2023-03-04,5,11.786634684782346,76.60505838995904,-13.532491614970352,-19.864753225952022,42.66303634643555
2023-03-04,5,11.745253352322814,76.58567633071519,-11.990384873895273,-17.23454195971244,42.73660659790039
2023-03-04,5,11.756513330178215,76.52429397755688,-7.049536393434408,-14.192442279274537,43.10832595825195
2023-03-04,5,11.802234089293512,76.54384066190534,-12.074396740347948,-12.384382226159346,43.0378532409668
2023-03-04,5,11.763878083509354,76.54568094859115,-8.084122256136952,-13.908966784950392,42.99029541015625
2023-03-04,5,11.773380133649738,76.52750012467585,-8.468854440285929,-13.211137785469882,43.1055908203125
2023-03-04,5,11.756779881209393,76.62446863731778,-11.668071470631558,-18.206476633335214,42.51737976074219
2023-03-04,5,11.738863595335891,76.53066706549085,-11.416384269766427,-14.032780189297224,43.054927825927734
2023-03-04,5,11.779113157863014,76.52480706269068,-7.963876076493667,-11.692111715446213,43.12685775756836
2023-03-04,5,11.78819361832374,76.61553165300394,-11.898264020647204,-23.621788091016068,42.60279083251953
2023-03-04,5,11.734584953276785,76.58172693210552,-10.52166584537307,-15.406708348342743,42.74988555908203
2023-03-04,5,11.74809573571066,76.57933128349072,-10.754174359988944,-13.669055321953948,42.777374267578125
2023-03-04,5,11.773893928457847,76.52671086412941,-6.544980089763298,-16.103754195562164,43.11090087890625
2023-03-04,5,11.738125064144068,76.59404336178724,-10.87829963184734,-23.488700187588773,42.680091857910156
2023-03-04,5,11.786705768325438,76.55934151530751,-13.701223976175822,-20.376456844358803,42.93198013305664
2023-03-04,5,11.773595431559325,76.64629261830217,-9.635283048808432,-18.25626603740576,42.40513610839844
2023-03-04,5,11.764435146871637,76.60883575193714,-9.569949413026308,-12.95760895218421,42.61817932128906
2023-03-04,5,11.755706974757311,76.57966971434679,-9.779043884488651,-19.279819866290488,42.782291412353516
2023-03-04,5,11.776776164260513,76.59000029680989,-11.554489586485982,-19.89984143988884,42.741851806640625
2023-03-04,5,11.750726686318618,76.61659101252394,-11.254602031225039,-19.8589263232935,42.55841827392578
2023-03-16,6,11.762250638250363,76.54999814611313,-7.682920637581398,-15.37269919736756,42.98784255981445
2023-03-16,6,11.760728848829434,76.63172375018823,-3.033552036112497,-16.103393376779014,42.50294876098633
2023-03-16,6,11.799858625331488,76.55150138367829,-9.894771168314216,-13.286843969514075,43.01478576660156
2023-03-16,6,11.783351559669985,76.59246541913907,-14.293075179948202,-20.45366429749101,42.757835388183594
2023-03-16,6,11.751063243803637,76.58460413670211,-13.706210286021383,-17.510440579689938,42.773189544677734
2023-03-16,6,11.744762893259217,76.52599563855654,-9.309772788871483,-15.446495508244983,43.11109161376953
2023-03-16,6,11.775438813150506,76.55850711558932,-7.910825700336339,-15.024894047960247,42.95038604736328
2023-03-16,6,11.785147625339182,76.5680673693326,-7.628810000850902,-12.565365037179706,42.90322494506836
2023-03-16,6,11.76162301114267,76.61179414470271,-11.25813553282541,-18.550982370711566,42.62209701538086
2023-03-16,6,11.772199332002394,76.56469079692799,-9.706581649310893,-16.463902955769743,42.91070556640625
2023-03-16,6,11.762843625894515,76.55091357366845,-5.571501195344053,-15.737076111171069,42.983036041259766
2023-03-16,6,11.775830632349576,76.56370638673741,-8.83172607932124,-18.327278418298977,42.91995620727539
2023-03-16,6,11.766591044470356,76.55922133558093,-8.293261356476552,-17.32761719674224,42.93744659423828
2023-03-16,6,11.783698345341204,76.58543857435927,-9.471707880217009,-17.308165380676677,42.799835205078125
2023-03-16,6,11.799126757480002,76.55821708262971,-7.22234839742153,-16.862833538101142,42.974361419677734
2023-03-16,6,11.752080249428992,76.52990155194883,-8.645699958232768,-17.86201081959857,43.09539031982422
2023-03-16,6,11.782843436275279,76.54787681404173,-8.837797491726922,-15.259522656854614,43.01953125
2023-03-16,6,11.740350869158823,76.54743929154527,-9.261293032673086,-16.895414475247204,42.981895446777344
2023-03-16,6,11.785029032731488,76.6450730854434,-7.918163151011718,-15.316297726877222,42.44902801513672
2023-03-16,6,11.767279906782397,76.64494421278346,-15.677945184247061,-22.280794348353293,42.43094253540039
2023-03-16,6,11.756024397862413,76.54239313106252,-5.628674728519602,-15.717594969205326,43.02622985839844
2023-03-16,6,11.76110898596967,76.6062458248772,-9.55691162194605,-17.623505399533435,42.654815673828125
2023-03-16,6,11.766247007987596,76.59167838485305,-6.740895478292347,-14.389613622836055,42.7461051940918
2023-03-16,6,11.778350875457413,76.54758964551041,-10.552961791529734,-11.443291065735288,43.01700973510742
2023-03-16,6,11.75185323270822,76.60004074530511,-12.31151302952371,-17.06058625262163,42.68242645263672
2023-03-16,6,11.780574069521837,76.60501516725243,-9.151880679581561,-18.635551193509606,42.68104934692383
2023-03-16,6,11.789487752069935,76.5579594974085,-10.695717390602205,-16.61989685199157,42.96701431274414
2023-03-16,6,11.792357974445654,76.53274103028237,-12.667577050213756,-16.500752225457124,43.11728286743164
2023-03-16,6,11.751650400778773,76.54571074943257,-10.049827517219791,-20.386173957596693,43.00295639038086
2023-03-16,6,11.760202372281745,76.58967217548759,-9.869206953757176,-15.344536641801287,42.7518310546875
2023-03-16,6,11.786634684782346,76.60505838995904,-11.92247250604825,-17.69704732550494,42.686859130859375
2023-03-16,6,11.745253352322814,76.58567633071519,-8.947681105219448,-16.463446086366925,42.761234283447266
2023-03-16,6,11.756513330178215,76.52429397755688,-9.018551197809959,-13.651363822481402,43.13241958618164
2023-03-16,6,11.802234089293512,76.54384066190534,-12.25053018956913,-13.130221863245819,43.061607360839844
2023-03-16,6,11.763878083509354,76.54568094859115,-8.383412475129731,-14.64138963518537,43.01458740234375
2023-03-16,6,11.773380133649738,76.52750012467585,-4.776158547035594,-15.129702516246773,43.1297492980957
2023-03-16,6,11.756779881209393,76.62446863731778,-9.347164936504095,-22.867358640199434,42.54207229614258
2023-03-16,6,11.738863595335891,76.53066706549085,-10.286775998340774,-20.86239666838642,43.07851791381836
2023-03-16,6,11.779113157863014,76.52480706269068,-8.135285936753736,-11.177099004637544,43.15047836303711
2023-03-16,6,11.78819361832374,76.61553165300394,-7.630498762046911,-17.71485526968581,42.626708984375
2023-03-16,6,11.734584953276785,76.58172693210552,-11.587931270547028,-13.102850031348881,42.77399444580078
2023-03-16,6,11.74809573571066,76.57933128349072,-11.226223754207021,-15.55190163270877,42.80141067504883
2023-03-16,6,11.773893928457847,76.52671086412941,-7.389961631576966,-11.518865658541744,43.134521484375
2023-03-16,6,11.738125064144068,76.59404336178724,-11.681662889249335,-20.849468391094387,42.704254150390625
2023-03-16,6,11.786705768325438,76.55934151530751,-11.921050630907171,-16.0515171753492,42.955810546875
2023-03-16,6,11.773595431559325,76.64629261830217,-7.8909938142510185,-21.050143417129643,42.42976760864258
2023-03-16,6,11.764435146871637,76.60883575193714,-6.075512458698026,-17.919850932228954,42.64278030395508
2023-03-16,6,11.755706974757311,76.57966971434679,-8.577582341166922,-15.02200319766141,42.80683898925781
2023-03-16,6,11.776776164260513,76.59000029680989,-10.259685044775996,-15.478471196552546,42.766334533691406
2023-03-16,6,11.750726686318618,76.61659101252394,-10.772190636627482,-23.254531265574975,42.582584381103516
2023-03-28,7,11.762250638250363,76.54999814611313,-11.078970501605667,-16.91688161718105,42.972801208496094
2023-03-28,7,11.760728848829434,76.63172375018823,-9.591785371245212,-18.40441684390793,42.48768997192383
2023-03-28,7,11.799858625331488,76.55150138367829,-10.60075588051587,-19.99493223648518,42.999305725097656
2023-03-28,7,11.783351559669985,76.59246541913907,-10.741412002204424,-20.681184578932246,42.74272537231445
2023-03-28,7,11.751063243803637,76.58460413670211,-14.391873781395276,-18.97579089628453,42.757972717285156
2023-03-28,7,11.744762893259217,76.52599563855654,-10.06404120794299,-17.64438476674783,43.09623336791992
2023-03-28,7,11.775438813150506,76.55850711558932,-7.868650515597469,-13.20409594988722,42.93531036376953
2023-03-28,7,11.785147625339182,76.5680673693326,-9.103416262400177,-18.52236734645741,42.88814163208008
2023-03-28,7,11.76162301114267,76.61179414470271,-9.881914514196877,-20.621579162712123,42.60686492919922
2023-03-28,7,11.772199332002394,76.56469079692799,-7.705075853083777,-21.002534228606415,42.89560317993164
2023-03-28,7,11.762843625894515,76.55091357366845,-10.312059990512509,-18.47088876621029,42.96799087524414
2023-03-28,7,11.775830632349576,76.56370638673741,-16.231762075158663,-13.80282058551397,42.90486526489258
2023-03-28,7,11.766591044470356,76.55922133558093,-11.065257939216298,-17.01505611389308,42.92235565185547
2023-03-28,7,11.783698345341204,76.58543857435927,-8.782843742531764,-19.65816086621222,42.784732818603516
2023-03-28,7,11.799126757480002,76.55821708262971,-10.845083317739771,-17.821774173941442,42.95931625366211
2023-03-28,7,11.752080249428992,76.52990155194883,-10.282255015325939,-15.287822198745278,43.08049392700195
2023-03-28,7,11.782843436275279,76.54787681404173,-11.079926792943567,-20.528598935029546,43.00450897216797
2023-03-28,7,11.740350869158823,76.54743929154527,-10.950260570869672,-13.94102080140592,42.96686553955078
2023-03-28,7,11.785029032731488,76.6450730854434,-7.392463790015636,-13.895725717960799,42.43387985229492
2023-03-28,7,11.767279906782397,76.64494421278346,-16.897943861977932,-23.062622526090536,42.41570281982422
2023-03-28,7,11.756024397862413,76.54239313106252,-10.847628480845252,-14.301915063779271,43.0112419128418
2023-03-28,7,11.76110898596967,76.6062458248772,-4.935311639772465,-18.269863619333247,42.63904571533203
2023-03-28,7,11.766247007987596,76.59167838485305,-13.64799536970746,-15.88850532157384,42.730926513671875
2023-03-28,7,11.778350875457413,76.54758964551041,-11.529756517566609,-13.139953987704,43.00198745727539
2023-03-28,7,11.75185323270822,76.60004074530511,-12.179707453324076,-17.372542430584257,42.666622161865234
2023-03-28,7,11.780574069521837,76.60501516725243,-16.23236677642987,-13.413616146985447,42.66592025756836
2023-03-28,7,11.789487752069935,76.5579594974085,-10.139280711680286,-19.394930394176477,42.951419830322266
2023-03-28,7,11.792357974445654,76.53274103028237,-10.424146512670799,-18.68251957850723,43.10177993774414
2023-03-28,7,11.751650400778773,76.54571074943257,-8.986550927027261,-18.787012074306837,42.987945556640625
2023-03-28,7,11.760202372281745,76.58967217548759,-7.082479852308755,-13.122906421279499,42.73663330078125
2023-03-28,7,11.786634684782346,76.60505838995904,-11.402066667662327,-20.127634883129115,42.671844482421875
2023-03-28,7,11.745253352322814,76.58567633071519,-11.112749736603657,-13.984625415669447,42.74598693847656
2023-03-28,7,11.756513330178215,76.52429397755688,-9.817487647756737,-17.96743230897762,43.11701965332031
2023-03-28,7,11.802234089293512,76.54384066190534,-6.303993195342981,-13.234390816811835,43.046600341796875
2023-03-28,7,11.763878083509354,76.54568094859115,-8.295681295942934,-20.341946908913343,42.999576568603516
2023-03-28,7,11.773380133649738,76.52750012467585,-7.682750212187084,-11.748282700702122,43.11429977416992
2023-03-28,7,11.756779881209393,76.62446863731778,-8.643902344751968,-19.101609710471838,42.52680206298828
2023-03-28,7,11.738863595335891,76.53066706549085,-9.803379879398083,-14.50399638983182,43.06363296508789
2023-03-28,7,11.779113157863014,76.52480706269068,-9.096794792361358,-13.635976106670569,43.135562896728516
2023-03-28,7,11.78819361832374,76.61553165300394,-10.032566560074798,-20.968488208677947,42.611610412597656
2023-03-28,7,11.734584953276785,76.58172693210552,-7.761339896620273,-15.924005255357208,42.75872802734375
2023-03-28,7,11.74809573571066,76.57933128349072,-11.861348008068635,-16.555888816216758,42.786197662353516
2023-03-28,7,11.773893928457847,76.52671086412941,-8.149008109999942,-13.699688923511303,43.11960983276367
2023-03-28,7,11.738125064144068,76.59404336178724,-11.93568751631534,-19.092947931823222,42.6889533996582
2023-03-28,7,11.786705768325438,76.55934151530751,-11.135179759618518,-14.320224691957934,42.94083023071289
2023-03-28,7,11.773595431559325,76.64629261830217,-5.468394511952841,-14.67553982690778,42.41455841064453
2023-03-28,7,11.764435146871637,76.60883575193714,-9.990192147008845,-16.679654664990114,42.62702560424805
2023-03-28,7,11.755706974757311,76.57966971434679,-8.845250761894594,-20.375640458027746,42.791648864746094
2023-03-28,7,11.776776164260513,76.59000029680989,-9.781444156338535,-17.29571138990542,42.75065994262695
2023-03-28,7,11.750726686318618,76.61659101252394,-10.190533586138965,-18.152784309245412,42.567291259765625
2023-04-09,8,11.762250638250363,76.54999814611313,-9.40262738613739,-20.608578973046967,42.96552658081055
2023-04-09,8,11.760728848829434,76.63172375018823,-6.50372142875415,-14.427158153501495,42.4802360534668
2023-04-09,8,11.799858625331488,76.55150138367829,-14.204216802741234,-16.88736737851523,42.991947174072266
2023-04-09,8,11.783351559669985,76.59246541913907,-13.89051990768513,-19.389056795773147,42.735416412353516
2023-04-09,8,11.751063243803637,76.58460413670211,-14.1727239514194,-22.11837774933158,42.75054931640625
2023-04-09,8,11.744762893259217,76.52599563855654,-9.191712844177967,-15.341449706259251,43.08893585205078
2023-04-09,8,11.775438813150506,76.55850711558932,-7.757823873557835,-11.34842855656437,42.927940368652344
2023-04-09,8,11.785147625339182,76.5680673693326,-11.18611308166561,-17.71514110470776,42.88076400756836
2023-04-09,8,11.76162301114267,76.61179414470271,-11.93357691559834,-24.679373104998025,42.599430084228516
2023-04-09,8,11.772199332002394,76.56469079692799,-10.130436544937902,-18.37512658497817,42.88822555541992
2023-04-09,8,11.762843625894515,76.55091357366845,-8.814094972678767,-17.947949011750122,42.960628509521484
2023-04-09,8,11.775830632349576,76.56370638673741,-10.33780505778028,-16.515619671573624,42.8975715637207
2023-04-09,8,11.766591044470356,76.55922133558093,-10.914762724580969,-22.804854795264347,42.91497802734375
2023-04-09,8,11.783698345341204,76.58543857435927,-11.88943810951371,-22.23771625286757,42.777339935302734
2023-04-09,8,11.799126757480002,76.55821708262971,-12.732257387570886,-18.035902093318946,42.95195388793945
2023-04-09,8,11.752080249428992,76.52990155194883,-9.194985924362143,-18.30518515490219,43.073184967041016
2023-04-09,8,11.782843436275279,76.54787681404173,-16.132646869012685,-16.69160402518434,42.99715805053711
2023-04-09,8,11.740350869158823,76.54743929154527,-12.12709988599343,-14.473776386970176,42.95950698852539
2023-04-09,8,11.785029032731488,76.6450730854434,-7.67479965733247,-15.543084590612342,42.426448822021484
2023-04-09,8,11.767279906782397,76.64494421278346,-13.277840338431181,-22.58196965699636,42.40824508666992
2023-04-09,8,11.756024397862413,76.54239313106252,-10.911569583332197,-14.617694675893231,43.003902435302734
2023-04-09,8,11.76110898596967,76.6062458248772,-7.264750772457091,-18.117814518456335,42.63161087036133
2023-04-09,8,11.766247007987596,76.59167838485305,-11.525604244633442,-20.40294347841492,42.723514556884766
2023-04-09,8,11.778350875457413,76.54758964551041,-9.123262397944456,-16.63800948316304,42.994720458984375
2023-04-09,8,11.75185323270822,76.60004074530511,-12.561283581514175,-20.16884733967689,42.659271240234375
2023-04-09,8,11.780574069521837,76.60501516725243,-12.257074091472589,-14.364176851090871,42.658599853515625
2023-04-09,8,11.789487752069935,76.5579594974085,-10.204056777992607,-19.16912555873226,42.944053649902344
2023-04-09,8,11.792357974445654,76.53274103028237,-7.8392652313023135,-13.748391358105469,43.09452819824219
2023-04-09,8,11.751650400778773,76.54571074943257,-13.163883146631887,-19.30496236958963,42.980594635009766
2023-04-09,8,11.760202372281745,76.58967217548759,-8.175700450438315,-16.738241370474505,42.72921371459961
2023-04-09,8,11.786634684782346,76.60505838995904,-13.380702170540868,-16.86130847109385,42.66444778442383
2023-04-09,8,11.745253352322814,76.58567633071519,-8.67327684458122,-15.382598990974163,42.73855972290039
2023-04-09,8,11.756513330178215,76.52429397755688,-5.5923717164306685,-16.16319167973517,43.10980224609375
2023-04-09,8,11.802234089293512,76.54384066190534,-7.812828734286663,-14.548753822555621,43.039249420166016
2023-04-09,8,11.763878083509354,76.54568094859115,-7.672321830039688,-15.271497864446985,42.992225646972656
2023-04-09,8,11.773380133649738,76.52750012467585,-3.717410552336106,-14.328935072544935,43.10698318481445
2023-04-09,8,11.756779881209393,76.62446863731778,-11.5182216576558,-25.680572847687955,42.51943588256836
2023-04-09,8,11.738863595335891,76.53066706549085,-11.58789069309442,-15.794083329753146,43.05632400512695
2023-04-09,8,11.779113157863014,76.52480706269068,-8.264590187742852,-14.210141222957542,43.128334045410156
2023-04-09,8,11.78819361832374,76.61553165300394,-9.378529323887726,-18.390922320735577,42.60429763793945
2023-04-09,8,11.734584953276785,76.58172693210552,-9.168935828802283,-14.796770332015157,42.75128936767578
2023-04-09,8,11.74809573571066,76.57933128349072,-9.080640323971704,-16.309567963780857,42.778778076171875
2023-04-09,8,11.773893928457847,76.52671086412941,-5.595418225104982,-14.7241099758134,43.1122932434082
2023-04-09,8,11.738125064144068,76.59404336178724,-9.455478596022262,-15.81902006012092,42.68150329589844
2023-04-09,8,11.786705768325438,76.55934151530751,-11.337105921564067,-16.953645854498067,42.9334602355957
2023-04-09,8,11.773595431559325,76.64629261830217,-9.459346383545363,-17.16353909911471,42.407108306884766
2023-04-09,8,11.764435146871637,76.60883575193714,-9.121576229832199,-13.345496679604159,42.61959457397461
2023-04-09,8,11.755706974757311,76.57966971434679,-11.898192885273392,-19.735312569177268,42.784236907958984
2023-04-09,8,11.776776164260513,76.59000029680989,-10.826108326880759,-18.603601776598413,42.74325942993164
2023-04-09,8,11.750726686318618,76.61659101252394,-9.710812966256585,-23.986682872860513,42.55983352661133
2023-04-21,9,11.762250638250363,76.54999814611313,-8.911824466802146,-17.785948322914493,42.97699737548828
2023-04-21,9,11.760728848829434,76.63172375018823,-5.6188196319178685,-14.181514784995816,42.49190139770508
2023-04-21,9,11.799858625331488,76.55150138367829,-11.22641687052541,-17.910282000564848,43.00394058227539
2023-04-21,9,11.783351559669985,76.59246541913907,-12.171962288271423,-23.331259076999658,42.74748611450195
2023-04-21,9,11.751063243803637,76.58460413670211,-14.404342449168496,-21.839480662204977,42.76218032836914
2023-04-21,9,11.744762893259217,76.52599563855654,-11.165100379086141,-14.96499872857969,43.10078048706055
2023-04-21,9,11.775438813150506,76.55850711558932,-11.363098006947475,-15.250581773452922,42.93943786621094
2023-04-21,9,11.785147625339182,76.5680673693326,-8.424036356583258,-15.93637957140313,42.89280700683594
2023-04-21,9,11.76162301114267,76.61179414470271,-10.599937742781949,-26.14941915715804,42.61161422729492
2023-04-21,9,11.772199332002394,76.56469079692799,-8.045111166589095,-18.447140313274986,42.900367736816406
2023-04-21,9,11.762843625894515,76.55091357366845,-9.931972644135705,-20.25454612903637,42.972103118896484
2023-04-21,9,11.775830632349576,76.56370638673741,-10.234396576269633,-15.62664140937651,42.90962219238281
2023-04-21,9,11.766591044470356,76.55922133558093,-13.151406683938268,-20.352658158947502,42.927032470703125
2023-04-21,9,11.783698345341204,76.58543857435927,-12.415738305009683,-19.104313666243712,42.78886413574219
2023-04-21,9,11.799126757480002,76.55821708262971,-11.18599658044535,-15.862147588192869,42.96396255493164
2023-04-21,9,11.752080249428992,76.52990155194883,-9.89216005035216,-13.740811644948854,43.085060119628906
2023-04-21,9,11.782843436275279,76.54787681404173,-10.193005701674506,-15.375634384067025,43.0091438293457
2023-04-21,9,11.740350869158823,76.54743929154527,-10.86282547874336,-17.48010103896504,42.97151565551758
2023-04-21,9,11.785029032731488,76.6450730854434,-7.307009705326795,-18.57253667869243,42.43802261352539
2023-04-21,9,11.767279906782397,76.64494421278346,-12.492356995057719,-19.78399268612352,42.420448303222656
2023-04-21,9,11.756024397862413,76.54239313106252,-9.134143044607823,-16.546626713125697,43.015865325927734
2023-04-21,9,11.76110898596967,76.6062458248772,-8.464152692887547,-17.933505020697663,42.64379119873047
2023-04-21,9,11.766247007987596,76.59167838485305,-8.39370611245356,-17.89696129087737,42.735103607177734
2023-04-21,9,11.778350875457413,76.54758964551041,-10.656569905066133,-15.861246054502118,43.006168365478516
2023-04-21,9,11.75185323270822,76.60004074530511,-12.676979480256607,-18.07514138999264,42.67148208618164
2023-04-21,9,11.780574069521837,76.60501516725243,-11.683672161359313,-17.746441261075493,42.670692443847656
2023-04-21,9,11.789487752069935,76.5579594974085,-10.586656967960428,-20.728004857790665,42.95606994628906
2023-04-21,9,11.792357974445654,76.53274103028237,-7.473037829978666,-19.1259499081179,43.10646438598633
2023-04-21,9,11.751650400778773,76.54571074943257,-8.274424743866316,-16.519726341344892,42.99204635620117
2023-04-21,9,11.760202372281745,76.58967217548759,-9.445389001131142,-17.86620126036336,42.74136734008789
2023-04-21,9,11.786634684782346,76.60505838995904,-10.28948199442964,-18.097747101606227,42.676513671875
2023-04-21,9,11.745253352322814,76.58567633071519,-10.279865487770795,-16.35404999778895,42.750213623046875
2023-04-21,9,11.756513330178215,76.52429397755688,-10.17147627942679,-12.885333798672601,43.12165069580078
2023-04-21,9,11.802234089293512,76.54384066190534,-8.264541582956863,-18.788455876889312,43.05131149291992
2023-04-21,9,11.763878083509354,76.54568094859115,-9.832533587793712,-15.068894478957837,43.0036735534668
2023-04-21,9,11.773380133649738,76.52750012467585,-4.856551973634615,-15.260933099873426,43.11887741088867
2023-04-21,9,11.756779881209393,76.62446863731778,-12.420290194310954,-20.99058067553912,42.5311164855957
2023-04-21,9,11.738863595335891,76.53066706549085,-15.108061325033901,-14.60231936593199,43.067665100097656
2023-04-21,9,11.779113157863014,76.52480706269068,-9.034652108341383,-15.253391889902199,43.140220642089844
2023-04-21,9,11.78819361832374,76.61553165300394,-9.90242633389737,-21.69550715904412,42.616363525390625
2023-04-21,9,11.734584953276785,76.58172693210552,-7.676675064668799,-15.771643793978907,42.76359939575195
2023-04-21,9,11.74809573571066,76.57933128349072,-10.708623280665215,-20.17117208226572,42.79094696044922
2023-04-21,9,11.773893928457847,76.52671086412941,-6.972421536555275,-18.160782138274907,43.124183654785156
2023-04-21,9,11.738125064144068,76.59404336178724,-12.94509041398591,-20.176619720751816,42.693756103515625
2023-04-21,9,11.786705768325438,76.55934151530751,-12.084450677257031,-21.21264289708112,42.94548797607422
2023-04-21,9,11.773595431559325,76.64629261830217,-9.57508290565986,-15.406205527627382,42.41873550415039
2023-04-21,9,11.764435146871637,76.60883575193714,-7.6438008171395815,-16.955806446456016,42.63176345825195
2023-04-21,9,11.755706974757311,76.57966971434679,-8.807532329858963,-24.172395439185,42.795841217041016
2023-04-21,9,11.776776164260513,76.59000029680989,-8.951786823677105,-21.986916505466287,42.75535202026367
2023-04-21,9,11.750726686318618,76.61659101252394,-10.117685851427831,-18.042114137497972,42.572078704833984
2023-05-03,10,11.762250638250363,76.54999814611313,-6.236641221302217,-16.004305791115193,42.967201232910156
2023-05-03,10,11.760728848829434,76.63172375018823,-5.200376082221959,-14.712686485678208,42.48202896118164
2023-05-03,10,11.799858625331488,76.55150138367829,-6.42420549003074,-12.07403678784699,42.9941520690918
2023-05-03,10,11.783351559669985,76.59246541913907,-8.595671678686154,-23.237262749972697,42.73763656616211
2023-05-03,10,11.751063243803637,76.58460413670211,-6.670933396011748,-18.01342729222474,42.752342224121094
2023-05-03,10,11.744762893259217,76.52599563855654,-11.642761921960599,-20.819487712088808,43.091102600097656
2023-05-03,10,11.775438813150506,76.55850711558932,-4.855638509421597,-11.243619317530593,42.92970275878906
2023-05-03,10,11.785147625339182,76.5680673693326,-5.577997708430167,-11.86809767702921,42.8830680847168
2023-05-03,10,11.76162301114267,76.61179414470271,-8.16990059598056,-15.870558644427428,42.60176467895508
2023-05-03,10,11.772199332002394,76.56469079692799,-6.7989476106591775,-17.381439386288534,42.890533447265625
2023-05-03,10,11.762843625894515,76.55091357366845,-9.073552563034822,-15.721431839720307,42.96238708496094
2023-05-03,10,11.775830632349576,76.56370638673741,-8.393039135989264,-15.472999079956413,42.89979553222656
2023-05-03,10,11.766591044470356,76.55922133558093,-9.649132815873152,-17.43958536601341,42.91728591918945
2023-05-03,10,11.783698345341204,76.58543857435927,-8.065433993269146,-18.36635936989005,42.77910614013672
2023-05-03,10,11.799126757480002,76.55821708262971,-5.954604398313638,-14.918424989109953,42.954246520996094
2023-05-03,10,11.752080249428992,76.52990155194883,-9.81527576027599,-14.937186110670906,43.075443267822266
2023-05-03,10,11.782843436275279,76.54787681404173,-8.312972489435564,-18.043148624281617,42.999446868896484
2023-05-03,10,11.740350869158823,76.54743929154527,-10.880294847622817,-15.999946410130812,42.9618034362793
2023-05-03,10,11.785029032731488,76.6450730854434,-9.295968829010885,-15.008902267401428,42.42821502685547
2023-05-03,10,11.767279906782397,76.64494421278346,-12.49994735225069,-19.757358714043228,42.410579681396484
2023-05-03,10,11.756024397862413,76.54239313106252,-9.50057386036274,-13.87601355851448,43.00618362426758
2023-05-03,10,11.76110898596967,76.6062458248772,-5.931767477691197,-14.392617939059782,42.633949279785156
2023-05-03,10,11.766247007987596,76.59167838485305,-8.301962910418146,-14.238004488786158,42.72529602050781
2023-05-03,10,11.778350875457413,76.54758964551041,-8.146182415940231,-17.070257198141196,42.99638748168945
2023-05-03,10,11.75185323270822,76.60004074530511,-11.627797221008361,-15.974609616701429,42.661529541015625
2023-05-03,10,11.780574069521837,76.60501516725243,-12.626397323002884,-17.5856920277079,42.660823822021484
2023-05-03,10,11.789487752069935,76.5579594974085,-8.135820527416534,-19.22543892253838,42.94635009765625
2023-05-03,10,11.792357974445654,76.53274103028237,-14.295326093206054,-14.011503900080937,43.09672164916992
2023-05-03,10,11.751650400778773,76.54571074943257,-9.326811923922154,-14.688938058900241,42.98234558105469
2023-05-03,10,11.760202372281745,76.58967217548759,-6.302527317794225,-13.742867638730496,42.731544494628906
2023-05-03,10,11.786634684782346,76.60505838995904,-7.758187281659535,-13.588939073294167,42.666664123535156
2023-05-03,10,11.745253352322814,76.58567633071519,-9.367193371136777,-10.084359977452879,42.740360260009766
2023-05-03,10,11.756513330178215,76.52429397755688,-7.237193770466619,-17.068669483392696,43.111968994140625
2023-05-03,10,11.802234089293512,76.54384066190534,-9.691817381609566,-11.226897552871284,43.04153823852539
2023-05-03,10,11.763878083509354,76.54568094859115,-4.619688058353189,-13.742180156820389,42.99397659301758
2023-05-03,10,11.773380133649738,76.52750012467585,-6.44678285052358,-10.86674810786847,43.109249114990234
2023-05-03,10,11.756779881209393,76.62446863731778,-14.44389079823695,-15.749294982789566,42.521148681640625
2023-05-03,10,11.738863595335891,76.53066706549085,-9.730530884161032,-11.244659107612323,43.058048248291016
2023-05-03,10,11.779113157863014,76.52480706269068,-8.86634205024463,-16.091550505071105,43.13051223754883
2023-05-03,10,11.78819361832374,76.61553165300394,-9.157635671075465,-17.351522729034205,42.60650634765625
2023-05-03,10,11.734584953276785,76.58172693210552,-11.983061503364299,-14.535559851776245,42.75364303588867
2023-05-03,10,11.74809573571066,76.57933128349072,-7.819464111027128,-12.346180694104847,42.7811164855957
2023-05-03,10,11.773893928457847,76.52671086412941,-7.172992448119407,-10.203917393339426,43.114559173583984
2023-05-03,10,11.738125064144068,76.59404336178724,-6.265047727705268,-16.217003941600556,42.68386459350586
2023-05-03,10,11.786705768325438,76.55934151530751,-7.612410272651649,-12.60531887794496,42.93567657470703
2023-05-03,10,11.773595431559325,76.64629261830217,-6.484174266180556,-14.71648362902512,42.40888977050781
2023-05-03,10,11.764435146871637,76.60883575193714,-7.175149081900058,-15.593129389761916,42.621925354003906
2023-05-03,10,11.755706974757311,76.57966971434679,-4.439037198568371,-17.459688463701845,42.78602600097656
2023-05-03,10,11.776776164260513,76.59000029680989,-7.061046324991727,-16.945101491839903,42.745487213134766
2023-05-03,10,11.750726686318618,76.61659101252394,-10.675764193814123,-17.598330200803186,42.56218719482422
2023-05-15,11,11.762250638250363,76.54999814611313,-7.674873915490784,-19.92304423326942,42.96329116821289
2023-05-15,11,11.760728848829434,76.63172375018823,-10.140861721239014,-17.91299167500339,42.47797775268555
2023-05-15,11,11.799858625331488,76.55150138367829,-9.921445056886215,-17.98106325134917,42.9902458190918
2023-05-15,11,11.783351559669985,76.59246541913907,-7.926737400937239,-22.129613789621065,42.7331657409668
2023-05-15,11,11.751063243803637,76.58460413670211,-10.970563839930199,-17.78697700590914,42.7484016418457
2023-05-15,11,11.744762893259217,76.52599563855654,-6.600281534500772,-19.284211934175694,43.0866813659668
2023-05-15,11,11.775438813150506,76.55850711558932,-5.487805103478909,-14.434480326775393,42.925785064697266
2023-05-15,11,11.785147625339182,76.5680673693326,-10.20249022982851,-19.542099202279765,42.87860870361328
2023-05-15,11,11.76162301114267,76.61179414470271,-13.333518823994169,-25.070802033509377,42.597267150878906
2023-05-15,11,11.772199332002394,76.56469079692799,-12.919122308754805,-21.12632912358898,42.88607406616211
2023-05-15,11,11.762843625894515,76.55091357366845,-9.671609484794748,-19.465663285516623,42.95847702026367
2023-05-15,11,11.775830632349576,76.56370638673741,-6.503643602710087,-12.980398317115052,42.89533615112305
2023-05-15,11,11.766591044470356,76.55922133558093,-12.967521793857859,-18.062607457157014,42.913368225097656
2023-05-15,11,11.783698345341204,76.58543857435927,-9.959532557667107,-17.39475870234768,42.77518081665039
2023-05-15,11,11.799126757480002,76.55821708262971,-8.614997097751488,-15.746820081115905,42.949798583984375
2023-05-15,11,11.752080249428992,76.52990155194883,-11.810733070651235,-15.547015444537692,43.071014404296875
2023-05-15,11,11.782843436275279,76.54787681404173,-10.409756133862693,-14.397867137107351,42.99500274658203
2023-05-15,11,11.740350869158823,76.54743929154527,-9.075814910503064,-13.708236660875222,42.95735168457031
2023-05-15,11,11.785029032731488,76.6450730854434,-8.032186737582531,-13.735998859227703,42.42426300048828
2023-05-15,11,11.767279906782397,76.64494421278346,-12.937073862969555,-19.547900773859247,42.406070709228516
2023-05-15,11,11.756024397862413,76.54239313106252,-9.088404576176313,-14.419304903149202,43.00174331665039
2023-05-15,11,11.76110898596967,76.6062458248772,-5.86293191874722,-14.768024663271111,42.62999725341797
2023-05-15,11,11.766247007987596,76.59167838485305,-8.105623257207679,-13.517063011346686,42.72135925292969
2023-05-15,11,11.778350875457413,76.54758964551041,-8.109304014963993,-12.688632761393636,42.99248123168945
2023-05-15,11,11.75185323270822,76.60004074530511,-8.867019523193896,-17.80341793675764,42.65757751464844
2023-05-15,11,11.780574069521837,76.60501516725243,-11.630496644707877,-17.33318408190188,42.65634536743164
2023-05-15,11,11.789487752069935,76.5579594974085,-10.699911942880181,-15.399158402179275,42.94243621826172
2023-05-15,11,11.792357974445654,76.53274103028237,-9.15619321068114,-13.37461972449832,43.09282302856445
2023-05-15,11,11.751650400778773,76.54571074943257,-8.060899415645109,-16.460182391399606,42.97843933105469
2023-05-15,11,11.760202372281745,76.58967217548759,-6.8208431208472735,-17.77508986642948,42.7270622253418
2023-05-15,11,11.786634684782346,76.60505838995904,-9.913559022251121,-18.638658939510012,42.66218948364258
2023-05-15,11,11.745253352322814,76.58567633071519,-10.85846278545852,-12.227138882209875,42.736328125
2023-05-15,11,11.756513330178215,76.52429397755688,-8.648216919679095,-12.840976828791932,43.10808181762695
2023-05-15,11,11.802234089293512,76.54384066190534,-10.061565917730228,-14.071836951543942,43.03709411621094
2023-05-15,11,11.763878083509354,76.54568094859115,-11.793055684129152,-16.193691192690093,42.99007034301758
2023-05-15,11,11.773380133649738,76.52750012467585,-4.4526926410145045,-12.963433773835733,43.10535430908203
2023-05-15,11,11.756779881209393,76.62446863731778,-7.855161672315015,-19.907457805067356,42.51718521118164
2023-05-15,11,11.738863595335891,76.53066706549085,-10.65204586547634,-14.030152594211561,43.05406951904297
2023-05-15,11,11.779113157863014,76.52480706269068,-8.665259781336745,-15.385933672044521,43.1260871887207
2023-05-15,11,11.78819361832374,76.61553165300394,-13.349541666042384,-20.8480540653589,42.60203170776367
2023-05-15,11,11.734584953276785,76.58172693210552,-9.78398244930899,-12.785296560925737,42.749149322509766
2023-05-15,11,11.74809573571066,76.57933128349072,-4.9555287805852215,-16.531872045073023,42.776546478271484
2023-05-15,11,11.773893928457847,76.52671086412941,-6.539634220642878,-12.767282852073404,43.110130310058594
2023-05-15,11,11.738125064144068,76.59404336178724,-12.577939137902966,-19.21453824977017,42.679359436035156
2023-05-15,11,11.786705768325438,76.55934151530751,-10.200100128878788,-12.406452835465645,42.93122482299805
2023-05-15,11,11.773595431559325,76.64629261830217,-13.615741361599047,-17.232831020864293,42.404930114746094
2023-05-15,11,11.764435146871637,76.60883575193714,-8.924622108420037,-13.325640161113036,42.617977142333984
2023-05-15,11,11.755706974757311,76.57966971434679,-8.325826111336983,-20.634088517872367,42.78208923339844
2023-05-15,11,11.776776164260513,76.59000029680989,-8.496633010996021,-18.653487072401475,42.74155807495117
2023-05-15,11,11.750726686318618,76.61659101252394,-11.33028718746029,-26.969027197759907,42.55767822265625
2023-05-27,12,11.762250638250363,76.54999814611313,-10.117705134311057,-19.94256604757005,42.96900939941406
2023-05-27,12,11.760728848829434,76.63172375018823,-9.904357666157207,-14.087064531085751,42.48378372192383
2023-05-27,12,11.799858625331488,76.55150138367829,-10.838909643737558,-15.899703953747137,42.99596405029297
2023-05-27,12,11.783351559669985,76.59246541913907,-16.538066648517052,-23.01655277845471,42.73945617675781
2023-05-27,12,11.751063243803637,76.58460413670211,-12.818951450026574,-23.94881977962678,42.75417709350586
2023-05-27,12,11.744762893259217,76.52599563855654,-10.406079463391322,-18.14304373843264,43.09288787841797
2023-05-27,12,11.775438813150506,76.55850711558932,-7.677625014114714,-10.620086710240123,42.931514739990234
2023-05-27,12,11.785147625339182,76.5680673693326,-6.9606629332419745,-17.698206572813394,42.88488006591797
2023-05-27,12,11.76162301114267,76.61179414470271,-13.436890678939179,-23.63293866870643,42.603057861328125
2023-05-27,12,11.772199332002394,76.56469079692799,-8.598420364538866,-21.11715179180201,42.89234924316406
2023-05-27,12,11.762843625894515,76.55091357366845,-12.452210878038318,-16.95093790620306,42.96419906616211
2023-05-27,12,11.775830632349576,76.56370638673741,-9.997646244416568,-17.146664678475165,42.90106964111328
2023-05-27,12,11.766591044470356,76.55922133558093,-11.757175229863691,-17.657340427023012,42.91910171508789
2023-05-27,12,11.783698345341204,76.58543857435927,-12.29065756202803,-14.477565712589321,42.78092575073242
2023-05-27,12,11.799126757480002,76.55821708262971,-8.656381129942531,-14.530962712794542,42.956058502197266
2023-05-27,12,11.752080249428992,76.52990155194883,-9.283587908263925,-14.310374000424932,43.076698303222656
2023-05-27,12,11.782843436275279,76.54787681404173,-12.09892855135359,-15.223604282471863,43.00071716308594
2023-05-27,12,11.740350869158823,76.54743929154527,-9.342996575655876,-15.497943159110811,42.9636116027832
2023-05-27,12,11.785029032731488,76.6450730854434,-11.1189336354546,-15.486568708924441,42.43004608154297
2023-05-27,12,11.767279906782397,76.64494421278346,-15.79980463572513,-22.01957033150919,42.41242218017578
2023-05-27,12,11.756024397862413,76.54239313106252,-10.636256229089105,-13.97173540192388,43.00798416137695
2023-05-27,12,11.76110898596967,76.6062458248772,-7.4888921719642445,-11.884476536513645,42.63578414916992
2023-05-27,12,11.766247007987596,76.59167838485305,-6.9135074421128975,-17.483209394324014,42.72712326049805
2023-05-27,12,11.778350875457413,76.54758964551041,-7.792234235070731,-12.690400211886237,42.99819564819336
2023-05-27,12,11.75185323270822,76.60004074530511,-9.922392445757048,-17.21607561704696,42.66337203979492
2023-05-27,12,11.780574069521837,76.60501516725243,-7.3261213697409975,-19.887522872742863,42.66264724731445
2023-05-27,12,11.789487752069935,76.5579594974085,-8.849258747880986,-16.68906364718588,42.94816207885742
2023-05-27,12,11.792357974445654,76.53274103028237,-7.394855852275535,-13.435992988489811,43.0985221862793
2023-05-27,12,11.751650400778773,76.54571074943257,-7.639763001910204,-17.667758197196672,42.984153747558594
2023-05-27,12,11.760202372281745,76.58967217548759,-8.825377229141278,-19.337754725908415,42.733375549316406
2023-05-27,12,11.786634684782346,76.60505838995904,-10.127459276966961,-19.360733103382344,42.66794204711914
2023-05-27,12,11.745253352322814,76.58567633071519,-9.794687163246364,-15.539449818475894,42.74211120605469
2023-05-27,12,11.756513330178215,76.52429397755688,-8.993610153160517,-12.835614709964961,43.11375427246094
2023-05-27,12,11.802234089293512,76.54384066190534,-8.951540269413414,-14.314030770168998,43.04334259033203
2023-05-27,12,11.763878083509354,76.54568094859115,-7.887551525001109,-18.45954153243293,42.995784759521484
2023-05-27,12,11.773380133649738,76.52750012467585,-10.852062190375714,-11.112121840281095,43.11103820800781
2023-05-27,12,11.756779881209393,76.62446863731778,-8.343721454198539,-19.77283618743887,42.52299118041992
2023-05-27,12,11.738863595335891,76.53066706549085,-11.490549337869655,-20.287168688478214,43.05975341796875
2023-05-27,12,11.779113157863014,76.52480706269068,-10.518773006046757,-13.443229046686053,43.13230514526367
2023-05-27,12,11.78819361832374,76.61553165300394,-10.294161819785021,-18.694220200494573,42.6077880859375
2023-05-27,12,11.734584953276785,76.58172693210552,-8.4942622981999,-14.238666066091394,42.75548553466797
2023-05-27,12,11.74809573571066,76.57933128349072,-8.697727912224334,-23.166222621794816,42.78232192993164
2023-05-27,12,11.773893928457847,76.52671086412941,-8.62476688339967,-12.311842244892793,43.11634826660156
2023-05-27,12,11.738125064144068,76.59404336178724,-7.10781080298828,-17.570359619050667,42.68516159057617
2023-05-27,12,11.786705768325438,76.55934151530751,-9.34792117450873,-13.489973438548496,42.9374885559082
2023-05-27,12,11.773595431559325,76.64629261830217,-14.116274714995786,-18.701787891181695,42.410728454589844
2023-05-27,12,11.764435146871637,76.60883575193714,-9.797275209338776,-17.11612965137031,42.62376022338867
2023-05-27,12,11.755706974757311,76.57966971434679,-11.08764539967112,-23.295215307737717,42.78785705566406
2023-05-27,12,11.776776164260513,76.59000029680989,-9.242198184155788,-16.95390258166767,42.747310638427734
2023-05-27,12,11.750726686318618,76.61659101252394,-10.108773696143556,-19.363382930611785,42.56403350830078
2023-06-08,13,11.762250638250363,76.54999814611313,-13.261497884491664,-19.10048966913109,42.98253631591797
2023-06-08,13,11.760728848829434,76.63172375018823,-7.458461843616356,-13.604724306333251,42.49806594848633
2023-06-08,13,11.799858625331488,76.55150138367829,-9.033444429317738,-14.38860686814333,43.009483337402344
2023-06-08,13,11.783351559669985,76.59246541913907,-11.416428207851757,-20.243070236376987,42.75305938720703
2023-06-08,13,11.751063243803637,76.58460413670211,-10.453133606380582,-22.09618813500166,42.7683219909668
2023-06-08,13,11.744762893259217,76.52599563855654,-10.225542181971276,-17.79321554611805,43.10626983642578
2023-06-08,13,11.775438813150506,76.55850711558932,-9.07675240946284,-12.410850684466478,42.945613861083984
2023-06-08,13,11.785147625339182,76.5680673693326,-5.841608494262838,-16.413730632782165,42.89836502075195
2023-06-08,13,11.76162301114267,76.61179414470271,-9.747128221201251,-17.819055198055086,42.617305755615234
2023-06-08,13,11.772199332002394,76.56469079692799,-12.921484450128695,-22.47290217448255,42.90592956542969
2023-06-08,13,11.762843625894515,76.55091357366845,-9.028817584178594,-16.66166115382251,42.978267669677734
2023-06-08,13,11.775830632349576,76.56370638673741,-12.174067898497736,-17.66561971359449,42.915184020996094
2023-06-08,13,11.766591044470356,76.55922133558093,-11.121999353073786,-21.766814854867896,42.93267059326172
2023-06-08,13,11.783698345341204,76.58543857435927,-9.47985508175396,-14.812927941718518,42.79505920410156
2023-06-08,13,11.799126757480002,76.55821708262971,-9.62669051741536,-17.98170411832344,42.9695930480957
2023-06-08,13,11.752080249428992,76.52990155194883,-11.616473984506321,-18.68771021631282,43.09056091308594
2023-06-08,13,11.782843436275279,76.54787681404173,-10.896353298240395,-15.261020028350625,43.014766693115234
2023-06-08,13,11.740350869158823,76.54743929154527,-8.517316220942245,-15.647301713774295,42.97713851928711
2023-06-08,13,11.785029032731488,76.6450730854434,-9.555185705454615,-18.648883843739505,42.444252014160156
2023-06-08,13,11.767279906782397,76.64494421278346,-16.267461681866152,-21.08052338891084,42.42615509033203
2023-06-08,13,11.756024397862413,76.54239313106252,-7.687795964832431,-20.365157961743378,43.0214729309082
2023-06-08,13,11.76110898596967,76.6062458248772,-8.074876289174911,-16.37572504548291,42.64948272705078
2023-06-08,13,11.766247007987596,76.59167838485305,-9.002004957623562,-16.66879544438019,42.740779876708984
2023-06-08,13,11.778350875457413,76.54758964551041,-7.9748382968672775,-13.175167628953023,43.012245178222656
2023-06-08,13,11.75185323270822,76.60004074530511,-8.845057304900998,-15.217176241012531,42.67708969116211
2023-06-08,13,11.780574069521837,76.60501516725243,-11.942484980060605,-20.288883234848505,42.676273345947266
2023-06-08,13,11.789487752069935,76.5579594974085,-8.915228914941768,-15.609245971162737,42.96170425415039
2023-06-08,13,11.792357974445654,76.53274103028237,-10.985521095076942,-14.292493072143762,43.11198806762695
2023-06-08,13,11.751650400778773,76.54571074943257,-12.958683824257706,-16.43109395993237,42.998199462890625
2023-06-08,13,11.760202372281745,76.58967217548759,-9.323983806670384,-14.64916874524924,42.74704360961914
2023-06-08,13,11.786634684782346,76.60505838995904,-7.591044543347394,-18.769539446111004,42.68208694458008
2023-06-08,13,11.745253352322814,76.58567633071519,-5.714841721531119,-15.504176777743108,42.7563591003418
2023-06-08,13,11.756513330178215,76.52429397755688,-7.39275136440121,-15.598423595428422,43.12714385986328
2023-06-08,13,11.802234089293512,76.54384066190534,-6.549480459057805,-14.285527745710757,43.056846618652344
2023-06-08,13,11.763878083509354,76.54568094859115,-7.234095827022639,-14.184573544732071,43.00982666015625
2023-06-08,13,11.773380133649738,76.52750012467585,-6.59025641669773,-15.660384847917076,43.12446594238281
2023-06-08,13,11.756779881209393,76.62446863731778,-5.657831499852522,-15.676298162346143,42.53673553466797
2023-06-08,13,11.738863595335891,76.53066706549085,-9.540215286216265,-16.52674267232227,43.07369613647461
2023-06-08,13,11.779113157863014,76.52480706269068,-8.426785263428386,-16.02647864609007,43.14572525024414
2023-06-08,13,11.78819361832374,76.61553165300394,-10.74959984586102,-16.88072023474377,42.6219367980957
2023-06-08,13,11.734584953276785,76.58172693210552,-10.566454588710636,-19.373450448754095,42.76920700073242
2023-06-08,13,11.74809573571066,76.57933128349072,-7.904105284555949,-16.944199228350023,42.79654312133789
2023-06-08,13,11.773893928457847,76.52671086412941,-6.784898642523989,-14.81842483942823,43.12976837158203
2023-06-08,13,11.738125064144068,76.59404336178724,-13.7995794373481,-21.203904028812843,42.699462890625
2023-06-08,13,11.786705768325438,76.55934151530751,-11.667794023301335,-18.03805537165205,42.9510383605957
2023-06-08,13,11.773595431559325,76.64629261830217,-7.471067195060741,-16.019820750816695,42.424983978271484
2023-06-08,13,11.764435146871637,76.60883575193714,-9.448132892981366,-14.608857368668266,42.637451171875
2023-06-08,13,11.755706974757311,76.57966971434679,-13.665843206884368,-23.583687191466577,42.80205535888672
2023-06-08,13,11.776776164260513,76.59000029680989,-12.093529879311829,-18.386904528847516,42.760929107666016
2023-06-08,13,11.750726686318618,76.61659101252394,-12.685141749050539,-18.577711128997144,42.577789306640625
2023-06-20,14,11.762250638250363,76.54999814611313,-11.760128575348238,-19.95076203213976,42.97220993041992
2023-06-20,14,11.760728848829434,76.63172375018823,-4.230541445984435,-14.73272140952946,42.48701858520508
2023-06-20,14,11.799858625331488,76.55150138367829,-10.225066078610322,-17.79772884941564,42.99916076660156
2023-06-20,14,11.783351559669985,76.59246541913907,-7.492577348910187,-19.405542965946022,42.742671966552734
2023-06-20,14,11.751063243803637,76.58460413670211,-13.08061646732505,-18.62801153928801,42.75730895996094
2023-06-20,14,11.744762893259217,76.52599563855654,-7.704125220896603,-14.043265449984032,43.0960807800293
2023-06-20,14,11.775438813150506,76.55850711558932,-6.41446062410001,-15.587909580146711,42.934635162353516
2023-06-20,14,11.785147625339182,76.5680673693326,-5.428251301766545,-13.889363335646445,42.88800048828125
2023-06-20,14,11.76162301114267,76.61179414470271,-12.294009137186384,-22.15104265337585,42.606285095214844
2023-06-20,14,11.772199332002394,76.56469079692799,-9.423536039194174,-17.947445221641086,42.89555358886719
2023-06-20,14,11.762843625894515,76.55091357366845,-14.365720817684872,-18.214595765402613,42.96739959716797
2023-06-20,14,11.775830632349576,76.56370638673741,-11.367089286574242,-15.126142710311859,42.904273986816406
2023-06-20,14,11.766591044470356,76.55922133558093,-8.420405639566207,-18.920938398640214,42.922306060791016
2023-06-20,14,11.783698345341204,76.58543857435927,-10.533831660835071,-17.625759035369054,42.78413772583008
2023-06-20,14,11.799126757480002,76.55821708262971,-10.363530903073443,-16.547717088316404,42.959259033203125
2023-06-20,14,11.752080249428992,76.52990155194883,-12.147294950130899,-18.85482890770114,43.079811096191406
2023-06-20,14,11.782843436275279,76.54787681404173,-11.44060540585907,-17.029038791411462,43.00391387939453
2023-06-20,14,11.740350869158823,76.54743929154527,-8.73659789295224,-16.315555065782807,42.96681594848633
2023-06-20,14,11.785029032731488,76.6450730854434,-8.222684544898053,-16.536097958932917,42.433284759521484
2023-06-20,14,11.767279906782397,76.64494421278346,-14.975921881210377,-21.35462985768362,42.41566467285156
2023-06-20,14,11.756024397862413,76.54239313106252,-12.738319636781215,-16.115830536241326,43.01118469238281
2023-06-20,14,11.76110898596967,76.6062458248772,-6.589914361338839,-18.402160876713022,42.639007568359375
2023-06-20,14,11.766247007987596,76.59167838485305,-10.26717836717504,-21.718438440813536,42.73033905029297
2023-06-20,14,11.778350875457413,76.54758964551041,-7.512691672503605,-15.23674155202271,43.00139236450195
2023-06-20,14,11.75185323270822,76.60004074530511,-13.679202270581833,-18.155739049221275,42.66659164428711
2023-06-20,14,11.780574069521837,76.60501516725243,-12.676075471807135,-20.173090185033708,42.66586685180664
2023-06-20,14,11.789487752069935,76.5579594974085,-11.273996684379268,-19.411663210284893,42.95136260986328
2023-06-20,14,11.792357974445654,76.53274103028237,-11.517082152388078,-15.696668631534944,43.101715087890625
2023-06-20,14,11.751650400778773,76.54571074943257,-10.331606357435273,-18.803149718884058,42.98735427856445
2023-06-20,14,11.760202372281745,76.58967217548759,-8.146765653528917,-18.01515199984267,42.73659133911133
2023-06-20,14,11.786634684782346,76.60505838995904,-11.986595364210826,-15.667522590382765,42.67116165161133
2023-06-20,14,11.745253352322814,76.58567633071519,-9.996916393565407,-20.493811154758326,42.745330810546875
2023-06-20,14,11.756513330178215,76.52429397755688,-6.989195231603082,-15.655666677123447,43.11695098876953
2023-06-20,14,11.802234089293512,76.54384066190534,-8.46567513441001,-17.125620139967538,43.046539306640625
2023-06-20,14,11.763878083509354,76.54568094859115,-6.983062713679612,-16.887132330608317,42.99898147583008
2023-06-20,14,11.773380133649738,76.52750012467585,-9.667317266896875,-11.457547651558022,43.114234924316406
2023-06-20,14,11.756779881209393,76.62446863731778,-6.864644597682224,-15.65533646913693,42.52622604370117
2023-06-20,14,11.738863595335891,76.53066706549085,-9.607987302910315,-16.14420364252846,43.062950134277344
2023-06-20,14,11.779113157863014,76.52480706269068,-12.17058996185756,-15.344178310735838,43.135498046875
2023-06-20,14,11.78819361832374,76.61553165300394,-10.190900763563256,-17.427422986519357,42.61101150512695
2023-06-20,14,11.734584953276785,76.58172693210552,-10.709227846932185,-14.132070143688647,42.758705139160156
2023-06-20,14,11.74809573571066,76.57933128349072,-8.566563999960694,-13.156877962668796,42.78553771972656
2023-06-20,14,11.773893928457847,76.52671086412941,-4.2107138464077085,-12.663405912536149,43.11954116821289
2023-06-20,14,11.738125064144068,76.59404336178724,-11.724597919355912,-15.541931588710835,42.688385009765625
2023-06-20,14,11.786705768325438,76.55934151530751,-14.411590927447275,-19.380083124236595,42.94068908691406
2023-06-20,14,11.773595431559325,76.64629261830217,-7.947039307161353,-18.186964393668944,42.413970947265625
2023-06-20,14,11.764435146871637,76.60883575193714,-7.219387585926879,-16.169104106064072,42.626983642578125
2023-06-20,14,11.755706974757311,76.57966971434679,-10.864480337721734,-22.733146757127916,42.79106903076172
2023-06-20,14,11.776776164260513,76.59000029680989,-10.601185074336136,-18.98294675819568,42.750526428222656
2023-06-20,14,11.750726686318618,76.61659101252394,-9.129772631261801,-16.39509627734174,42.567264556884766
